"Grant_Rate","Subject_Primary_DESC","Granted_Per_Hundred"
0.00819672131147541,"FSA",0.819672131147541
0.00993788819875776,"OTHER STATUTORILY-MANDATED PROCEDURES",0.993788819875776
0.0120274914089347,"CONTROL UNIT",1.20274914089347
0.0177294824134973,"SEARCHES AND USE OF RESTRAINTS",1.77294824134973
0.0188087774294671,"MEDICAL TREATMENT - FORCED",1.88087774294671
