"Grant_Rate","Subject_Primary_DESC","Granted_Per_Hundred"
0.0913878562577447,"DENTAL CARE",9.13878562577447
0.0797920126316936,"UDC/RRC ACTIONS",7.97920126316936
0.0661743651571095,"MEDICAL-EXC. FORCED TREATMENT",6.61743651571095
0.0611567254286404,"JAIL TIME CREDIT",6.11567254286404
0.057518488085456,"RECORDS MANAGEMENT",5.7518488085456
